{"music_volum":0.10351394861936569,"sound_volum":0.5360400676727295}