{"music_volum":0.7516074180603027,"sound_volum":0.2397068440914154}