{"music_volum":0.623465895652771,"sound_volum":0.2397068440914154}