{"cameraMode":{"drawMode":0,"name":"Shaded","section":"Shading Mode"},"sceneLighting":false,"audioPlay":false,"sceneViewState":{"showFog":true,"showMaterialUpdate":false,"showSkybox":false,"showFlares":true,"showImageEffects":true,"showParticleSystems":true},"in2DMode":false,"pivot":{"x":-0.11754083633422852,"y":1.7128881216049195,"z":0.4711735248565674},"rotation":{"x":-0.002085460117086768,"y":0.9979019165039063,"z":-0.0482458658516407,"w":-0.04313523322343826},"size":6.507365703582764,"orthographic":false}