{"cameraMode":{"drawMode":0,"name":"Shaded","section":"Shading Mode"},"sceneLighting":true,"audioPlay":false,"sceneViewState":{"showFog":true,"showMaterialUpdate":false,"showSkybox":true,"showFlares":true,"showImageEffects":true,"showParticleSystems":true},"in2DMode":false,"pivot":{"x":-3.941789150238037,"y":0.9469994306564331,"z":71.1135482788086},"rotation":{"x":0.061226986348629,"y":-0.9384791851043701,"z":0.2521677315235138,"w":0.22786845266819},"size":1.5738219022750855,"orthographic":false}