{"cameraMode":{"drawMode":0,"name":"Shaded","section":"Shading Mode"},"sceneLighting":true,"audioPlay":false,"sceneViewState":{"showFog":true,"showMaterialUpdate":false,"showSkybox":true,"showFlares":true,"showImageEffects":true,"showParticleSystems":true},"in2DMode":false,"pivot":{"x":24.65999984741211,"y":9.150016784667969,"z":11.760007858276368},"rotation":{"x":0.16223642230033875,"y":-0.4252089858055115,"z":0.07776971161365509,"w":0.8870342373847961},"size":14.42772388458252,"orthographic":false}